SchoolName,YearTerm,Religion,Level,Total
โรงเรียนปทุมวิไล,2564/1,คริสต์,P1,0
โรงเรียนปทุมวิไล,2564/1,คริสต์,P2,0
โรงเรียนปทุมวิไล,2564/1,คริสต์,P3,0
โรงเรียนปทุมวิไล,2564/1,คริสต์,P4,0
โรงเรียนปทุมวิไล,2564/1,คริสต์,P5,0
โรงเรียนปทุมวิไล,2564/1,คริสต์,P6,0
โรงเรียนปทุมวิไล,2564/1,คริสต์,M1,0
โรงเรียนปทุมวิไล,2564/1,คริสต์,M2,0
โรงเรียนปทุมวิไล,2564/1,คริสต์,M3,1
โรงเรียนปทุมวิไล,2564/1,คริสต์,M4,1
โรงเรียนปทุมวิไล,2564/1,คริสต์,M5,1
โรงเรียนปทุมวิไล,2564/1,คริสต์,M6,2
โรงเรียนปทุมวิไล,2564/1,พราหมณ์/ฮินดู,P1,0
โรงเรียนปทุมวิไล,2564/1,พราหมณ์/ฮินดู,P2,0
โรงเรียนปทุมวิไล,2564/1,พราหมณ์/ฮินดู,P3,0
โรงเรียนปทุมวิไล,2564/1,พราหมณ์/ฮินดู,P4,0
โรงเรียนปทุมวิไล,2564/1,พราหมณ์/ฮินดู,P5,0
โรงเรียนปทุมวิไล,2564/1,พราหมณ์/ฮินดู,P6,0
โรงเรียนปทุมวิไล,2564/1,พราหมณ์/ฮินดู,M1,0
โรงเรียนปทุมวิไล,2564/1,พราหมณ์/ฮินดู,M2,0
โรงเรียนปทุมวิไล,2564/1,พราหมณ์/ฮินดู,M3,0
โรงเรียนปทุมวิไล,2564/1,พราหมณ์/ฮินดู,M4,0
โรงเรียนปทุมวิไล,2564/1,พราหมณ์/ฮินดู,M5,0
โรงเรียนปทุมวิไล,2564/1,พราหมณ์/ฮินดู,M6,1
โรงเรียนปทุมวิไล,2564/1,พุทธ,P1,0
โรงเรียนปทุมวิไล,2564/1,พุทธ,P2,0
โรงเรียนปทุมวิไล,2564/1,พุทธ,P3,0
โรงเรียนปทุมวิไล,2564/1,พุทธ,P4,0
โรงเรียนปทุมวิไล,2564/1,พุทธ,P5,0
โรงเรียนปทุมวิไล,2564/1,พุทธ,P6,0
โรงเรียนปทุมวิไล,2564/1,พุทธ,M1,627
โรงเรียนปทุมวิไล,2564/1,พุทธ,M2,634
โรงเรียนปทุมวิไล,2564/1,พุทธ,M3,632
โรงเรียนปทุมวิไล,2564/1,พุทธ,M4,468
โรงเรียนปทุมวิไล,2564/1,พุทธ,M5,482
โรงเรียนปทุมวิไล,2564/1,พุทธ,M6,441
โรงเรียนปทุมวิไล,2564/1,อิสลาม,P1,0
โรงเรียนปทุมวิไล,2564/1,อิสลาม,P2,0
โรงเรียนปทุมวิไล,2564/1,อิสลาม,P3,0
โรงเรียนปทุมวิไล,2564/1,อิสลาม,P4,0
โรงเรียนปทุมวิไล,2564/1,อิสลาม,P5,0
โรงเรียนปทุมวิไล,2564/1,อิสลาม,P6,0
โรงเรียนปทุมวิไล,2564/1,อิสลาม,M1,5
โรงเรียนปทุมวิไล,2564/1,อิสลาม,M2,6
โรงเรียนปทุมวิไล,2564/1,อิสลาม,M3,6
โรงเรียนปทุมวิไล,2564/1,อิสลาม,M4,5
โรงเรียนปทุมวิไล,2564/1,อิสลาม,M5,6
โรงเรียนปทุมวิไล,2564/1,อิสลาม,M6,1
โรงเรียนปทุมวิไล,2564/1,อื่นๆ,P1,0
โรงเรียนปทุมวิไล,2564/1,อื่นๆ,P2,0
โรงเรียนปทุมวิไล,2564/1,อื่นๆ,P3,0
โรงเรียนปทุมวิไล,2564/1,อื่นๆ,P4,0
โรงเรียนปทุมวิไล,2564/1,อื่นๆ,P5,0
โรงเรียนปทุมวิไล,2564/1,อื่นๆ,P6,0
โรงเรียนปทุมวิไล,2564/1,อื่นๆ,M1,0
โรงเรียนปทุมวิไล,2564/1,อื่นๆ,M2,0
โรงเรียนปทุมวิไล,2564/1,อื่นๆ,M3,0
โรงเรียนปทุมวิไล,2564/1,อื่นๆ,M4,1
โรงเรียนปทุมวิไล,2564/1,อื่นๆ,M5,0
โรงเรียนปทุมวิไล,2564/1,อื่นๆ,M6,0
โรงเรียนคณะราษฎร์บำรุงปทุมธานี,2564/1,คริสต์,P1,0
โรงเรียนคณะราษฎร์บำรุงปทุมธานี,2564/1,คริสต์,P2,0
โรงเรียนคณะราษฎร์บำรุงปทุมธานี,2564/1,คริสต์,P3,0
โรงเรียนคณะราษฎร์บำรุงปทุมธานี,2564/1,คริสต์,P4,0
โรงเรียนคณะราษฎร์บำรุงปทุมธานี,2564/1,คริสต์,P5,0
โรงเรียนคณะราษฎร์บำรุงปทุมธานี,2564/1,คริสต์,P6,0
โรงเรียนคณะราษฎร์บำรุงปทุมธานี,2564/1,คริสต์,M1,4
โรงเรียนคณะราษฎร์บำรุงปทุมธานี,2564/1,คริสต์,M2,1
โรงเรียนคณะราษฎร์บำรุงปทุมธานี,2564/1,คริสต์,M3,3
โรงเรียนคณะราษฎร์บำรุงปทุมธานี,2564/1,คริสต์,M4,4
โรงเรียนคณะราษฎร์บำรุงปทุมธานี,2564/1,คริสต์,M5,1
โรงเรียนคณะราษฎร์บำรุงปทุมธานี,2564/1,คริสต์,M6,5
โรงเรียนคณะราษฎร์บำรุงปทุมธานี,2564/1,พุทธ,P1,0
โรงเรียนคณะราษฎร์บำรุงปทุมธานี,2564/1,พุทธ,P2,0
โรงเรียนคณะราษฎร์บำรุงปทุมธานี,2564/1,พุทธ,P3,0
โรงเรียนคณะราษฎร์บำรุงปทุมธานี,2564/1,พุทธ,P4,0
โรงเรียนคณะราษฎร์บำรุงปทุมธานี,2564/1,พุทธ,P5,0
โรงเรียนคณะราษฎร์บำรุงปทุมธานี,2564/1,พุทธ,P6,0
โรงเรียนคณะราษฎร์บำรุงปทุมธานี,2564/1,พุทธ,M1,469
โรงเรียนคณะราษฎร์บำรุงปทุมธานี,2564/1,พุทธ,M2,560
โรงเรียนคณะราษฎร์บำรุงปทุมธานี,2564/1,พุทธ,M3,444
โรงเรียนคณะราษฎร์บำรุงปทุมธานี,2564/1,พุทธ,M4,396
โรงเรียนคณะราษฎร์บำรุงปทุมธานี,2564/1,พุทธ,M5,388
โรงเรียนคณะราษฎร์บำรุงปทุมธานี,2564/1,พุทธ,M6,368
โรงเรียนคณะราษฎร์บำรุงปทุมธานี,2564/1,อิสลาม,P1,0
โรงเรียนคณะราษฎร์บำรุงปทุมธานี,2564/1,อิสลาม,P2,0
โรงเรียนคณะราษฎร์บำรุงปทุมธานี,2564/1,อิสลาม,P3,0
โรงเรียนคณะราษฎร์บำรุงปทุมธานี,2564/1,อิสลาม,P4,0
โรงเรียนคณะราษฎร์บำรุงปทุมธานี,2564/1,อิสลาม,P5,0
โรงเรียนคณะราษฎร์บำรุงปทุมธานี,2564/1,อิสลาม,P6,0
โรงเรียนคณะราษฎร์บำรุงปทุมธานี,2564/1,อิสลาม,M1,4
โรงเรียนคณะราษฎร์บำรุงปทุมธานี,2564/1,อิสลาม,M2,5
โรงเรียนคณะราษฎร์บำรุงปทุมธานี,2564/1,อิสลาม,M3,3
โรงเรียนคณะราษฎร์บำรุงปทุมธานี,2564/1,อิสลาม,M4,3
โรงเรียนคณะราษฎร์บำรุงปทุมธานี,2564/1,อิสลาม,M5,7
โรงเรียนคณะราษฎร์บำรุงปทุมธานี,2564/1,อิสลาม,M6,1
โรงเรียนคณะราษฎร์บำรุงปทุมธานี,2564/1,อื่นๆ,P1,0
โรงเรียนคณะราษฎร์บำรุงปทุมธานี,2564/1,อื่นๆ,P2,0
โรงเรียนคณะราษฎร์บำรุงปทุมธานี,2564/1,อื่นๆ,P3,0
โรงเรียนคณะราษฎร์บำรุงปทุมธานี,2564/1,อื่นๆ,P4,0
โรงเรียนคณะราษฎร์บำรุงปทุมธานี,2564/1,อื่นๆ,P5,0
โรงเรียนคณะราษฎร์บำรุงปทุมธานี,2564/1,อื่นๆ,P6,0
โรงเรียนคณะราษฎร์บำรุงปทุมธานี,2564/1,อื่นๆ,M1,0
โรงเรียนคณะราษฎร์บำรุงปทุมธานี,2564/1,อื่นๆ,M2,0
โรงเรียนคณะราษฎร์บำรุงปทุมธานี,2564/1,อื่นๆ,M3,0
โรงเรียนคณะราษฎร์บำรุงปทุมธานี,2564/1,อื่นๆ,M4,1
โรงเรียนคณะราษฎร์บำรุงปทุมธานี,2564/1,อื่นๆ,M5,1
โรงเรียนคณะราษฎร์บำรุงปทุมธานี,2564/1,อื่นๆ,M6,0
โรงเรียนปทุมธานี นันทมุนีบำรุง,2564/1,คริสต์,P1,0
โรงเรียนปทุมธานี นันทมุนีบำรุง,2564/1,คริสต์,P2,0
โรงเรียนปทุมธานี นันทมุนีบำรุง,2564/1,คริสต์,P3,0
โรงเรียนปทุมธานี นันทมุนีบำรุง,2564/1,คริสต์,P4,0
โรงเรียนปทุมธานี นันทมุนีบำรุง,2564/1,คริสต์,P5,0
โรงเรียนปทุมธานี นันทมุนีบำรุง,2564/1,คริสต์,P6,0
โรงเรียนปทุมธานี นันทมุนีบำรุง,2564/1,คริสต์,M1,0
โรงเรียนปทุมธานี นันทมุนีบำรุง,2564/1,คริสต์,M2,1
โรงเรียนปทุมธานี นันทมุนีบำรุง,2564/1,คริสต์,M3,0
โรงเรียนปทุมธานี นันทมุนีบำรุง,2564/1,คริสต์,M4,0
โรงเรียนปทุมธานี นันทมุนีบำรุง,2564/1,คริสต์,M5,0
โรงเรียนปทุมธานี นันทมุนีบำรุง,2564/1,คริสต์,M6,0
โรงเรียนปทุมธานี นันทมุนีบำรุง,2564/1,พุทธ,P1,0
โรงเรียนปทุมธานี นันทมุนีบำรุง,2564/1,พุทธ,P2,0
โรงเรียนปทุมธานี นันทมุนีบำรุง,2564/1,พุทธ,P3,0
โรงเรียนปทุมธานี นันทมุนีบำรุง,2564/1,พุทธ,P4,0
โรงเรียนปทุมธานี นันทมุนีบำรุง,2564/1,พุทธ,P5,0
โรงเรียนปทุมธานี นันทมุนีบำรุง,2564/1,พุทธ,P6,0
โรงเรียนปทุมธานี นันทมุนีบำรุง,2564/1,พุทธ,M1,194
โรงเรียนปทุมธานี นันทมุนีบำรุง,2564/1,พุทธ,M2,162
โรงเรียนปทุมธานี นันทมุนีบำรุง,2564/1,พุทธ,M3,171
โรงเรียนปทุมธานี นันทมุนีบำรุง,2564/1,พุทธ,M4,124
โรงเรียนปทุมธานี นันทมุนีบำรุง,2564/1,พุทธ,M5,100
โรงเรียนปทุมธานี นันทมุนีบำรุง,2564/1,พุทธ,M6,82
โรงเรียนปทุมธานี นันทมุนีบำรุง,2564/1,อิสลาม,P1,0
โรงเรียนปทุมธานี นันทมุนีบำรุง,2564/1,อิสลาม,P2,0
โรงเรียนปทุมธานี นันทมุนีบำรุง,2564/1,อิสลาม,P3,0
โรงเรียนปทุมธานี นันทมุนีบำรุง,2564/1,อิสลาม,P4,0
โรงเรียนปทุมธานี นันทมุนีบำรุง,2564/1,อิสลาม,P5,0
โรงเรียนปทุมธานี นันทมุนีบำรุง,2564/1,อิสลาม,P6,0
โรงเรียนปทุมธานี นันทมุนีบำรุง,2564/1,อิสลาม,M1,6
โรงเรียนปทุมธานี นันทมุนีบำรุง,2564/1,อิสลาม,M2,7
โรงเรียนปทุมธานี นันทมุนีบำรุง,2564/1,อิสลาม,M3,1
โรงเรียนปทุมธานี นันทมุนีบำรุง,2564/1,อิสลาม,M4,1
โรงเรียนปทุมธานี นันทมุนีบำรุง,2564/1,อิสลาม,M5,1
โรงเรียนปทุมธานี นันทมุนีบำรุง,2564/1,อิสลาม,M6,1
โรงเรียนหอวัง ปทุมธานี,2564/1,คริสต์,P1,0
โรงเรียนหอวัง ปทุมธานี,2564/1,คริสต์,P2,0
โรงเรียนหอวัง ปทุมธานี,2564/1,คริสต์,P3,0
โรงเรียนหอวัง ปทุมธานี,2564/1,คริสต์,P4,0
โรงเรียนหอวัง ปทุมธานี,2564/1,คริสต์,P5,0
โรงเรียนหอวัง ปทุมธานี,2564/1,คริสต์,P6,0
โรงเรียนหอวัง ปทุมธานี,2564/1,คริสต์,M1,2
โรงเรียนหอวัง ปทุมธานี,2564/1,คริสต์,M2,1
โรงเรียนหอวัง ปทุมธานี,2564/1,คริสต์,M3,1
โรงเรียนหอวัง ปทุมธานี,2564/1,คริสต์,M4,1
โรงเรียนหอวัง ปทุมธานี,2564/1,คริสต์,M5,2
โรงเรียนหอวัง ปทุมธานี,2564/1,คริสต์,M6,1
โรงเรียนหอวัง ปทุมธานี,2564/1,พุทธ,P1,0
โรงเรียนหอวัง ปทุมธานี,2564/1,พุทธ,P2,0
โรงเรียนหอวัง ปทุมธานี,2564/1,พุทธ,P3,0
โรงเรียนหอวัง ปทุมธานี,2564/1,พุทธ,P4,0
โรงเรียนหอวัง ปทุมธานี,2564/1,พุทธ,P5,0
โรงเรียนหอวัง ปทุมธานี,2564/1,พุทธ,P6,0
โรงเรียนหอวัง ปทุมธานี,2564/1,พุทธ,M1,428
โรงเรียนหอวัง ปทุมธานี,2564/1,พุทธ,M2,426
โรงเรียนหอวัง ปทุมธานี,2564/1,พุทธ,M3,471
โรงเรียนหอวัง ปทุมธานี,2564/1,พุทธ,M4,524
โรงเรียนหอวัง ปทุมธานี,2564/1,พุทธ,M5,407
โรงเรียนหอวัง ปทุมธานี,2564/1,พุทธ,M6,407
โรงเรียนหอวัง ปทุมธานี,2564/1,อิสลาม,P1,0
โรงเรียนหอวัง ปทุมธานี,2564/1,อิสลาม,P2,0
โรงเรียนหอวัง ปทุมธานี,2564/1,อิสลาม,P3,0
โรงเรียนหอวัง ปทุมธานี,2564/1,อิสลาม,P4,0
โรงเรียนหอวัง ปทุมธานี,2564/1,อิสลาม,P5,0
โรงเรียนหอวัง ปทุมธานี,2564/1,อิสลาม,P6,0
โรงเรียนหอวัง ปทุมธานี,2564/1,อิสลาม,M1,1
โรงเรียนหอวัง ปทุมธานี,2564/1,อิสลาม,M2,3
โรงเรียนหอวัง ปทุมธานี,2564/1,อิสลาม,M3,5
โรงเรียนหอวัง ปทุมธานี,2564/1,อิสลาม,M4,2
โรงเรียนหอวัง ปทุมธานี,2564/1,อิสลาม,M5,3
โรงเรียนหอวัง ปทุมธานี,2564/1,อิสลาม,M6,4
โรงเรียนหอวัง ปทุมธานี,2564/1,อื่นๆ,P1,0
โรงเรียนหอวัง ปทุมธานี,2564/1,อื่นๆ,P2,0
โรงเรียนหอวัง ปทุมธานี,2564/1,อื่นๆ,P3,0
โรงเรียนหอวัง ปทุมธานี,2564/1,อื่นๆ,P4,0
โรงเรียนหอวัง ปทุมธานี,2564/1,อื่นๆ,P5,0
โรงเรียนหอวัง ปทุมธานี,2564/1,อื่นๆ,P6,0
โรงเรียนหอวัง ปทุมธานี,2564/1,อื่นๆ,M1,0
โรงเรียนหอวัง ปทุมธานี,2564/1,อื่นๆ,M2,0
โรงเรียนหอวัง ปทุมธานี,2564/1,อื่นๆ,M3,0
โรงเรียนหอวัง ปทุมธานี,2564/1,อื่นๆ,M4,1
โรงเรียนหอวัง ปทุมธานี,2564/1,อื่นๆ,M5,0
โรงเรียนหอวัง ปทุมธานี,2564/1,อื่นๆ,M6,0
โรงเรียนทีปังกรวิทยาพัฒน์ (มัธยมวัดหัตถสารเกษตร) ในพระราชูปถัมภ์ฯ,2564/1,คริสต์,P1,0
โรงเรียนทีปังกรวิทยาพัฒน์ (มัธยมวัดหัตถสารเกษตร) ในพระราชูปถัมภ์ฯ,2564/1,คริสต์,P2,0
โรงเรียนทีปังกรวิทยาพัฒน์ (มัธยมวัดหัตถสารเกษตร) ในพระราชูปถัมภ์ฯ,2564/1,คริสต์,P3,0
โรงเรียนทีปังกรวิทยาพัฒน์ (มัธยมวัดหัตถสารเกษตร) ในพระราชูปถัมภ์ฯ,2564/1,คริสต์,P4,0
โรงเรียนทีปังกรวิทยาพัฒน์ (มัธยมวัดหัตถสารเกษตร) ในพระราชูปถัมภ์ฯ,2564/1,คริสต์,P5,0
โรงเรียนทีปังกรวิทยาพัฒน์ (มัธยมวัดหัตถสารเกษตร) ในพระราชูปถัมภ์ฯ,2564/1,คริสต์,P6,0
โรงเรียนทีปังกรวิทยาพัฒน์ (มัธยมวัดหัตถสารเกษตร) ในพระราชูปถัมภ์ฯ,2564/1,คริสต์,M1,0
โรงเรียนทีปังกรวิทยาพัฒน์ (มัธยมวัดหัตถสารเกษตร) ในพระราชูปถัมภ์ฯ,2564/1,คริสต์,M2,0
โรงเรียนทีปังกรวิทยาพัฒน์ (มัธยมวัดหัตถสารเกษตร) ในพระราชูปถัมภ์ฯ,2564/1,คริสต์,M3,0
โรงเรียนทีปังกรวิทยาพัฒน์ (มัธยมวัดหัตถสารเกษตร) ในพระราชูปถัมภ์ฯ,2564/1,คริสต์,M4,2
โรงเรียนทีปังกรวิทยาพัฒน์ (มัธยมวัดหัตถสารเกษตร) ในพระราชูปถัมภ์ฯ,2564/1,คริสต์,M5,0
โรงเรียนทีปังกรวิทยาพัฒน์ (มัธยมวัดหัตถสารเกษตร) ในพระราชูปถัมภ์ฯ,2564/1,คริสต์,M6,0
โรงเรียนทีปังกรวิทยาพัฒน์ (มัธยมวัดหัตถสารเกษตร) ในพระราชูปถัมภ์ฯ,2564/1,ซิกส์,P1,0
โรงเรียนทีปังกรวิทยาพัฒน์ (มัธยมวัดหัตถสารเกษตร) ในพระราชูปถัมภ์ฯ,2564/1,ซิกส์,P2,0
โรงเรียนทีปังกรวิทยาพัฒน์ (มัธยมวัดหัตถสารเกษตร) ในพระราชูปถัมภ์ฯ,2564/1,ซิกส์,P3,0
โรงเรียนทีปังกรวิทยาพัฒน์ (มัธยมวัดหัตถสารเกษตร) ในพระราชูปถัมภ์ฯ,2564/1,ซิกส์,P4,0
โรงเรียนทีปังกรวิทยาพัฒน์ (มัธยมวัดหัตถสารเกษตร) ในพระราชูปถัมภ์ฯ,2564/1,ซิกส์,P5,0
โรงเรียนทีปังกรวิทยาพัฒน์ (มัธยมวัดหัตถสารเกษตร) ในพระราชูปถัมภ์ฯ,2564/1,ซิกส์,P6,0
โรงเรียนทีปังกรวิทยาพัฒน์ (มัธยมวัดหัตถสารเกษตร) ในพระราชูปถัมภ์ฯ,2564/1,ซิกส์,M1,0
โรงเรียนทีปังกรวิทยาพัฒน์ (มัธยมวัดหัตถสารเกษตร) ในพระราชูปถัมภ์ฯ,2564/1,ซิกส์,M2,0
โรงเรียนทีปังกรวิทยาพัฒน์ (มัธยมวัดหัตถสารเกษตร) ในพระราชูปถัมภ์ฯ,2564/1,ซิกส์,M3,1
โรงเรียนทีปังกรวิทยาพัฒน์ (มัธยมวัดหัตถสารเกษตร) ในพระราชูปถัมภ์ฯ,2564/1,ซิกส์,M4,0
โรงเรียนทีปังกรวิทยาพัฒน์ (มัธยมวัดหัตถสารเกษตร) ในพระราชูปถัมภ์ฯ,2564/1,ซิกส์,M5,0
โรงเรียนทีปังกรวิทยาพัฒน์ (มัธยมวัดหัตถสารเกษตร) ในพระราชูปถัมภ์ฯ,2564/1,ซิกส์,M6,0
โรงเรียนทีปังกรวิทยาพัฒน์ (มัธยมวัดหัตถสารเกษตร) ในพระราชูปถัมภ์ฯ,2564/1,พุทธ,P1,0
โรงเรียนทีปังกรวิทยาพัฒน์ (มัธยมวัดหัตถสารเกษตร) ในพระราชูปถัมภ์ฯ,2564/1,พุทธ,P2,0
โรงเรียนทีปังกรวิทยาพัฒน์ (มัธยมวัดหัตถสารเกษตร) ในพระราชูปถัมภ์ฯ,2564/1,พุทธ,P3,0
โรงเรียนทีปังกรวิทยาพัฒน์ (มัธยมวัดหัตถสารเกษตร) ในพระราชูปถัมภ์ฯ,2564/1,พุทธ,P4,0
โรงเรียนทีปังกรวิทยาพัฒน์ (มัธยมวัดหัตถสารเกษตร) ในพระราชูปถัมภ์ฯ,2564/1,พุทธ,P5,0
โรงเรียนทีปังกรวิทยาพัฒน์ (มัธยมวัดหัตถสารเกษตร) ในพระราชูปถัมภ์ฯ,2564/1,พุทธ,P6,0
โรงเรียนทีปังกรวิทยาพัฒน์ (มัธยมวัดหัตถสารเกษตร) ในพระราชูปถัมภ์ฯ,2564/1,พุทธ,M1,465
โรงเรียนทีปังกรวิทยาพัฒน์ (มัธยมวัดหัตถสารเกษตร) ในพระราชูปถัมภ์ฯ,2564/1,พุทธ,M2,430
โรงเรียนทีปังกรวิทยาพัฒน์ (มัธยมวัดหัตถสารเกษตร) ในพระราชูปถัมภ์ฯ,2564/1,พุทธ,M3,472
โรงเรียนทีปังกรวิทยาพัฒน์ (มัธยมวัดหัตถสารเกษตร) ในพระราชูปถัมภ์ฯ,2564/1,พุทธ,M4,470
โรงเรียนทีปังกรวิทยาพัฒน์ (มัธยมวัดหัตถสารเกษตร) ในพระราชูปถัมภ์ฯ,2564/1,พุทธ,M5,346
โรงเรียนทีปังกรวิทยาพัฒน์ (มัธยมวัดหัตถสารเกษตร) ในพระราชูปถัมภ์ฯ,2564/1,พุทธ,M6,284
โรงเรียนทีปังกรวิทยาพัฒน์ (มัธยมวัดหัตถสารเกษตร) ในพระราชูปถัมภ์ฯ,2564/1,อิสลาม,P1,0
โรงเรียนทีปังกรวิทยาพัฒน์ (มัธยมวัดหัตถสารเกษตร) ในพระราชูปถัมภ์ฯ,2564/1,อิสลาม,P2,0
โรงเรียนทีปังกรวิทยาพัฒน์ (มัธยมวัดหัตถสารเกษตร) ในพระราชูปถัมภ์ฯ,2564/1,อิสลาม,P3,0
โรงเรียนทีปังกรวิทยาพัฒน์ (มัธยมวัดหัตถสารเกษตร) ในพระราชูปถัมภ์ฯ,2564/1,อิสลาม,P4,0
โรงเรียนทีปังกรวิทยาพัฒน์ (มัธยมวัดหัตถสารเกษตร) ในพระราชูปถัมภ์ฯ,2564/1,อิสลาม,P5,0
โรงเรียนทีปังกรวิทยาพัฒน์ (มัธยมวัดหัตถสารเกษตร) ในพระราชูปถัมภ์ฯ,2564/1,อิสลาม,P6,0
โรงเรียนทีปังกรวิทยาพัฒน์ (มัธยมวัดหัตถสารเกษตร) ในพระราชูปถัมภ์ฯ,2564/1,อิสลาม,M1,7
โรงเรียนทีปังกรวิทยาพัฒน์ (มัธยมวัดหัตถสารเกษตร) ในพระราชูปถัมภ์ฯ,2564/1,อิสลาม,M2,1
โรงเรียนทีปังกรวิทยาพัฒน์ (มัธยมวัดหัตถสารเกษตร) ในพระราชูปถัมภ์ฯ,2564/1,อิสลาม,M3,4
โรงเรียนทีปังกรวิทยาพัฒน์ (มัธยมวัดหัตถสารเกษตร) ในพระราชูปถัมภ์ฯ,2564/1,อิสลาม,M4,4
โรงเรียนทีปังกรวิทยาพัฒน์ (มัธยมวัดหัตถสารเกษตร) ในพระราชูปถัมภ์ฯ,2564/1,อิสลาม,M5,0
โรงเรียนทีปังกรวิทยาพัฒน์ (มัธยมวัดหัตถสารเกษตร) ในพระราชูปถัมภ์ฯ,2564/1,อิสลาม,M6,3
โรงเรียนทีปังกรวิทยาพัฒน์ (มัธยมวัดหัตถสารเกษตร) ในพระราชูปถัมภ์ฯ,2564/1,อื่นๆ,P1,0
โรงเรียนทีปังกรวิทยาพัฒน์ (มัธยมวัดหัตถสารเกษตร) ในพระราชูปถัมภ์ฯ,2564/1,อื่นๆ,P2,0
โรงเรียนทีปังกรวิทยาพัฒน์ (มัธยมวัดหัตถสารเกษตร) ในพระราชูปถัมภ์ฯ,2564/1,อื่นๆ,P3,0
โรงเรียนทีปังกรวิทยาพัฒน์ (มัธยมวัดหัตถสารเกษตร) ในพระราชูปถัมภ์ฯ,2564/1,อื่นๆ,P4,0
โรงเรียนทีปังกรวิทยาพัฒน์ (มัธยมวัดหัตถสารเกษตร) ในพระราชูปถัมภ์ฯ,2564/1,อื่นๆ,P5,0
โรงเรียนทีปังกรวิทยาพัฒน์ (มัธยมวัดหัตถสารเกษตร) ในพระราชูปถัมภ์ฯ,2564/1,อื่นๆ,P6,0
โรงเรียนทีปังกรวิทยาพัฒน์ (มัธยมวัดหัตถสารเกษตร) ในพระราชูปถัมภ์ฯ,2564/1,อื่นๆ,M1,1
โรงเรียนทีปังกรวิทยาพัฒน์ (มัธยมวัดหัตถสารเกษตร) ในพระราชูปถัมภ์ฯ,2564/1,อื่นๆ,M2,0
โรงเรียนทีปังกรวิทยาพัฒน์ (มัธยมวัดหัตถสารเกษตร) ในพระราชูปถัมภ์ฯ,2564/1,อื่นๆ,M3,0
โรงเรียนทีปังกรวิทยาพัฒน์ (มัธยมวัดหัตถสารเกษตร) ในพระราชูปถัมภ์ฯ,2564/1,อื่นๆ,M4,0
โรงเรียนทีปังกรวิทยาพัฒน์ (มัธยมวัดหัตถสารเกษตร) ในพระราชูปถัมภ์ฯ,2564/1,อื่นๆ,M5,0
โรงเรียนทีปังกรวิทยาพัฒน์ (มัธยมวัดหัตถสารเกษตร) ในพระราชูปถัมภ์ฯ,2564/1,อื่นๆ,M6,0
โรงเรียนสวนกุหลาบวิทยาลัย รังสิต,2564/1,คริสต์,P1,0
โรงเรียนสวนกุหลาบวิทยาลัย รังสิต,2564/1,คริสต์,P2,0
โรงเรียนสวนกุหลาบวิทยาลัย รังสิต,2564/1,คริสต์,P3,0
โรงเรียนสวนกุหลาบวิทยาลัย รังสิต,2564/1,คริสต์,P4,0
โรงเรียนสวนกุหลาบวิทยาลัย รังสิต,2564/1,คริสต์,P5,0
โรงเรียนสวนกุหลาบวิทยาลัย รังสิต,2564/1,คริสต์,P6,0
โรงเรียนสวนกุหลาบวิทยาลัย รังสิต,2564/1,คริสต์,M1,2
โรงเรียนสวนกุหลาบวิทยาลัย รังสิต,2564/1,คริสต์,M2,4
โรงเรียนสวนกุหลาบวิทยาลัย รังสิต,2564/1,คริสต์,M3,10
โรงเรียนสวนกุหลาบวิทยาลัย รังสิต,2564/1,คริสต์,M4,5
โรงเรียนสวนกุหลาบวิทยาลัย รังสิต,2564/1,คริสต์,M5,5
โรงเรียนสวนกุหลาบวิทยาลัย รังสิต,2564/1,คริสต์,M6,6
โรงเรียนสวนกุหลาบวิทยาลัย รังสิต,2564/1,พุทธ,P1,0
โรงเรียนสวนกุหลาบวิทยาลัย รังสิต,2564/1,พุทธ,P2,0
โรงเรียนสวนกุหลาบวิทยาลัย รังสิต,2564/1,พุทธ,P3,0
โรงเรียนสวนกุหลาบวิทยาลัย รังสิต,2564/1,พุทธ,P4,0
โรงเรียนสวนกุหลาบวิทยาลัย รังสิต,2564/1,พุทธ,P5,0
โรงเรียนสวนกุหลาบวิทยาลัย รังสิต,2564/1,พุทธ,P6,0
โรงเรียนสวนกุหลาบวิทยาลัย รังสิต,2564/1,พุทธ,M1,551
โรงเรียนสวนกุหลาบวิทยาลัย รังสิต,2564/1,พุทธ,M2,570
โรงเรียนสวนกุหลาบวิทยาลัย รังสิต,2564/1,พุทธ,M3,556
โรงเรียนสวนกุหลาบวิทยาลัย รังสิต,2564/1,พุทธ,M4,589
โรงเรียนสวนกุหลาบวิทยาลัย รังสิต,2564/1,พุทธ,M5,633
โรงเรียนสวนกุหลาบวิทยาลัย รังสิต,2564/1,พุทธ,M6,622
โรงเรียนสวนกุหลาบวิทยาลัย รังสิต,2564/1,อิสลาม,P1,0
โรงเรียนสวนกุหลาบวิทยาลัย รังสิต,2564/1,อิสลาม,P2,0
โรงเรียนสวนกุหลาบวิทยาลัย รังสิต,2564/1,อิสลาม,P3,0
โรงเรียนสวนกุหลาบวิทยาลัย รังสิต,2564/1,อิสลาม,P4,0
โรงเรียนสวนกุหลาบวิทยาลัย รังสิต,2564/1,อิสลาม,P5,0
โรงเรียนสวนกุหลาบวิทยาลัย รังสิต,2564/1,อิสลาม,P6,0
โรงเรียนสวนกุหลาบวิทยาลัย รังสิต,2564/1,อิสลาม,M1,3
โรงเรียนสวนกุหลาบวิทยาลัย รังสิต,2564/1,อิสลาม,M2,3
โรงเรียนสวนกุหลาบวิทยาลัย รังสิต,2564/1,อิสลาม,M3,5
โรงเรียนสวนกุหลาบวิทยาลัย รังสิต,2564/1,อิสลาม,M4,8
โรงเรียนสวนกุหลาบวิทยาลัย รังสิต,2564/1,อิสลาม,M5,3
โรงเรียนสวนกุหลาบวิทยาลัย รังสิต,2564/1,อิสลาม,M6,2
โรงเรียนสวนกุหลาบวิทยาลัย รังสิต,2564/1,อื่นๆ,P1,0
โรงเรียนสวนกุหลาบวิทยาลัย รังสิต,2564/1,อื่นๆ,P2,0
โรงเรียนสวนกุหลาบวิทยาลัย รังสิต,2564/1,อื่นๆ,P3,0
โรงเรียนสวนกุหลาบวิทยาลัย รังสิต,2564/1,อื่นๆ,P4,0
โรงเรียนสวนกุหลาบวิทยาลัย รังสิต,2564/1,อื่นๆ,P5,0
โรงเรียนสวนกุหลาบวิทยาลัย รังสิต,2564/1,อื่นๆ,P6,0
โรงเรียนสวนกุหลาบวิทยาลัย รังสิต,2564/1,อื่นๆ,M1,0
โรงเรียนสวนกุหลาบวิทยาลัย รังสิต,2564/1,อื่นๆ,M2,0
โรงเรียนสวนกุหลาบวิทยาลัย รังสิต,2564/1,อื่นๆ,M3,0
โรงเรียนสวนกุหลาบวิทยาลัย รังสิต,2564/1,อื่นๆ,M4,0
โรงเรียนสวนกุหลาบวิทยาลัย รังสิต,2564/1,อื่นๆ,M5,0
โรงเรียนสวนกุหลาบวิทยาลัย รังสิต,2564/1,อื่นๆ,M6,1
โรงเรียนธรรมศาสตร์คลองหลวงวิทยาคม,2564/1,คริสต์,P1,0
โรงเรียนธรรมศาสตร์คลองหลวงวิทยาคม,2564/1,คริสต์,P2,0
โรงเรียนธรรมศาสตร์คลองหลวงวิทยาคม,2564/1,คริสต์,P3,0
โรงเรียนธรรมศาสตร์คลองหลวงวิทยาคม,2564/1,คริสต์,P4,0
โรงเรียนธรรมศาสตร์คลองหลวงวิทยาคม,2564/1,คริสต์,P5,0
โรงเรียนธรรมศาสตร์คลองหลวงวิทยาคม,2564/1,คริสต์,P6,0
โรงเรียนธรรมศาสตร์คลองหลวงวิทยาคม,2564/1,คริสต์,M1,3
โรงเรียนธรรมศาสตร์คลองหลวงวิทยาคม,2564/1,คริสต์,M2,2
โรงเรียนธรรมศาสตร์คลองหลวงวิทยาคม,2564/1,คริสต์,M3,0
โรงเรียนธรรมศาสตร์คลองหลวงวิทยาคม,2564/1,คริสต์,M4,1
โรงเรียนธรรมศาสตร์คลองหลวงวิทยาคม,2564/1,คริสต์,M5,4
โรงเรียนธรรมศาสตร์คลองหลวงวิทยาคม,2564/1,คริสต์,M6,3
โรงเรียนธรรมศาสตร์คลองหลวงวิทยาคม,2564/1,พุทธ,P1,0
โรงเรียนธรรมศาสตร์คลองหลวงวิทยาคม,2564/1,พุทธ,P2,0
โรงเรียนธรรมศาสตร์คลองหลวงวิทยาคม,2564/1,พุทธ,P3,0
โรงเรียนธรรมศาสตร์คลองหลวงวิทยาคม,2564/1,พุทธ,P4,0
โรงเรียนธรรมศาสตร์คลองหลวงวิทยาคม,2564/1,พุทธ,P5,0
โรงเรียนธรรมศาสตร์คลองหลวงวิทยาคม,2564/1,พุทธ,P6,0
โรงเรียนธรรมศาสตร์คลองหลวงวิทยาคม,2564/1,พุทธ,M1,854
โรงเรียนธรรมศาสตร์คลองหลวงวิทยาคม,2564/1,พุทธ,M2,868
โรงเรียนธรรมศาสตร์คลองหลวงวิทยาคม,2564/1,พุทธ,M3,853
โรงเรียนธรรมศาสตร์คลองหลวงวิทยาคม,2564/1,พุทธ,M4,799
โรงเรียนธรรมศาสตร์คลองหลวงวิทยาคม,2564/1,พุทธ,M5,825
โรงเรียนธรรมศาสตร์คลองหลวงวิทยาคม,2564/1,พุทธ,M6,775
โรงเรียนธรรมศาสตร์คลองหลวงวิทยาคม,2564/1,อิสลาม,P1,0
โรงเรียนธรรมศาสตร์คลองหลวงวิทยาคม,2564/1,อิสลาม,P2,0
โรงเรียนธรรมศาสตร์คลองหลวงวิทยาคม,2564/1,อิสลาม,P3,0
โรงเรียนธรรมศาสตร์คลองหลวงวิทยาคม,2564/1,อิสลาม,P4,0
โรงเรียนธรรมศาสตร์คลองหลวงวิทยาคม,2564/1,อิสลาม,P5,0
โรงเรียนธรรมศาสตร์คลองหลวงวิทยาคม,2564/1,อิสลาม,P6,0
โรงเรียนธรรมศาสตร์คลองหลวงวิทยาคม,2564/1,อิสลาม,M1,8
โรงเรียนธรรมศาสตร์คลองหลวงวิทยาคม,2564/1,อิสลาม,M2,13
โรงเรียนธรรมศาสตร์คลองหลวงวิทยาคม,2564/1,อิสลาม,M3,3
โรงเรียนธรรมศาสตร์คลองหลวงวิทยาคม,2564/1,อิสลาม,M4,8
โรงเรียนธรรมศาสตร์คลองหลวงวิทยาคม,2564/1,อิสลาม,M5,6
โรงเรียนธรรมศาสตร์คลองหลวงวิทยาคม,2564/1,อิสลาม,M6,6
โรงเรียนธรรมศาสตร์คลองหลวงวิทยาคม,2564/1,อื่นๆ,P1,0
โรงเรียนธรรมศาสตร์คลองหลวงวิทยาคม,2564/1,อื่นๆ,P2,0
โรงเรียนธรรมศาสตร์คลองหลวงวิทยาคม,2564/1,อื่นๆ,P3,0
โรงเรียนธรรมศาสตร์คลองหลวงวิทยาคม,2564/1,อื่นๆ,P4,0
โรงเรียนธรรมศาสตร์คลองหลวงวิทยาคม,2564/1,อื่นๆ,P5,0
โรงเรียนธรรมศาสตร์คลองหลวงวิทยาคม,2564/1,อื่นๆ,P6,0
โรงเรียนธรรมศาสตร์คลองหลวงวิทยาคม,2564/1,อื่นๆ,M1,0
โรงเรียนธรรมศาสตร์คลองหลวงวิทยาคม,2564/1,อื่นๆ,M2,0
โรงเรียนธรรมศาสตร์คลองหลวงวิทยาคม,2564/1,อื่นๆ,M3,0
โรงเรียนธรรมศาสตร์คลองหลวงวิทยาคม,2564/1,อื่นๆ,M4,1
โรงเรียนธรรมศาสตร์คลองหลวงวิทยาคม,2564/1,อื่นๆ,M5,0
โรงเรียนธรรมศาสตร์คลองหลวงวิทยาคม,2564/1,อื่นๆ,M6,0
โรงเรียนบัวแก้วเกษร,2564/1,คริสต์,P1,0
โรงเรียนบัวแก้วเกษร,2564/1,คริสต์,P2,0
โรงเรียนบัวแก้วเกษร,2564/1,คริสต์,P3,0
โรงเรียนบัวแก้วเกษร,2564/1,คริสต์,P4,0
โรงเรียนบัวแก้วเกษร,2564/1,คริสต์,P5,0
โรงเรียนบัวแก้วเกษร,2564/1,คริสต์,P6,0
โรงเรียนบัวแก้วเกษร,2564/1,คริสต์,M1,0
โรงเรียนบัวแก้วเกษร,2564/1,คริสต์,M2,0
โรงเรียนบัวแก้วเกษร,2564/1,คริสต์,M3,0
โรงเรียนบัวแก้วเกษร,2564/1,คริสต์,M4,0
โรงเรียนบัวแก้วเกษร,2564/1,คริสต์,M5,1
โรงเรียนบัวแก้วเกษร,2564/1,คริสต์,M6,0
โรงเรียนบัวแก้วเกษร,2564/1,พุทธ,P1,0
โรงเรียนบัวแก้วเกษร,2564/1,พุทธ,P2,0
โรงเรียนบัวแก้วเกษร,2564/1,พุทธ,P3,0
โรงเรียนบัวแก้วเกษร,2564/1,พุทธ,P4,0
โรงเรียนบัวแก้วเกษร,2564/1,พุทธ,P5,0
โรงเรียนบัวแก้วเกษร,2564/1,พุทธ,P6,0
โรงเรียนบัวแก้วเกษร,2564/1,พุทธ,M1,235
โรงเรียนบัวแก้วเกษร,2564/1,พุทธ,M2,207
โรงเรียนบัวแก้วเกษร,2564/1,พุทธ,M3,229
โรงเรียนบัวแก้วเกษร,2564/1,พุทธ,M4,119
โรงเรียนบัวแก้วเกษร,2564/1,พุทธ,M5,99
โรงเรียนบัวแก้วเกษร,2564/1,พุทธ,M6,68
โรงเรียนบัวแก้วเกษร,2564/1,อิสลาม,P1,0
โรงเรียนบัวแก้วเกษร,2564/1,อิสลาม,P2,0
โรงเรียนบัวแก้วเกษร,2564/1,อิสลาม,P3,0
โรงเรียนบัวแก้วเกษร,2564/1,อิสลาม,P4,0
โรงเรียนบัวแก้วเกษร,2564/1,อิสลาม,P5,0
โรงเรียนบัวแก้วเกษร,2564/1,อิสลาม,P6,0
โรงเรียนบัวแก้วเกษร,2564/1,อิสลาม,M1,4
โรงเรียนบัวแก้วเกษร,2564/1,อิสลาม,M2,2
โรงเรียนบัวแก้วเกษร,2564/1,อิสลาม,M3,3
โรงเรียนบัวแก้วเกษร,2564/1,อิสลาม,M4,0
โรงเรียนบัวแก้วเกษร,2564/1,อิสลาม,M5,4
โรงเรียนบัวแก้วเกษร,2564/1,อิสลาม,M6,1
โรงเรียนวรราชาทินัดดามาตุวิทยา,2564/1,คริสต์,P1,0
โรงเรียนวรราชาทินัดดามาตุวิทยา,2564/1,คริสต์,P2,0
โรงเรียนวรราชาทินัดดามาตุวิทยา,2564/1,คริสต์,P3,1
โรงเรียนวรราชาทินัดดามาตุวิทยา,2564/1,คริสต์,P4,0
โรงเรียนวรราชาทินัดดามาตุวิทยา,2564/1,คริสต์,P5,0
โรงเรียนวรราชาทินัดดามาตุวิทยา,2564/1,คริสต์,P6,0
โรงเรียนวรราชาทินัดดามาตุวิทยา,2564/1,คริสต์,M1,0
โรงเรียนวรราชาทินัดดามาตุวิทยา,2564/1,คริสต์,M2,2
โรงเรียนวรราชาทินัดดามาตุวิทยา,2564/1,คริสต์,M3,0
โรงเรียนวรราชาทินัดดามาตุวิทยา,2564/1,คริสต์,M4,1
โรงเรียนวรราชาทินัดดามาตุวิทยา,2564/1,คริสต์,M5,1
โรงเรียนวรราชาทินัดดามาตุวิทยา,2564/1,คริสต์,M6,1
โรงเรียนวรราชาทินัดดามาตุวิทยา,2564/1,พุทธ,P1,81
โรงเรียนวรราชาทินัดดามาตุวิทยา,2564/1,พุทธ,P2,107
โรงเรียนวรราชาทินัดดามาตุวิทยา,2564/1,พุทธ,P3,89
โรงเรียนวรราชาทินัดดามาตุวิทยา,2564/1,พุทธ,P4,88
โรงเรียนวรราชาทินัดดามาตุวิทยา,2564/1,พุทธ,P5,73
โรงเรียนวรราชาทินัดดามาตุวิทยา,2564/1,พุทธ,P6,84
โรงเรียนวรราชาทินัดดามาตุวิทยา,2564/1,พุทธ,M1,342
โรงเรียนวรราชาทินัดดามาตุวิทยา,2564/1,พุทธ,M2,337
โรงเรียนวรราชาทินัดดามาตุวิทยา,2564/1,พุทธ,M3,334
โรงเรียนวรราชาทินัดดามาตุวิทยา,2564/1,พุทธ,M4,216
โรงเรียนวรราชาทินัดดามาตุวิทยา,2564/1,พุทธ,M5,192
โรงเรียนวรราชาทินัดดามาตุวิทยา,2564/1,พุทธ,M6,169
โรงเรียนวรราชาทินัดดามาตุวิทยา,2564/1,อิสลาม,P1,1
โรงเรียนวรราชาทินัดดามาตุวิทยา,2564/1,อิสลาม,P2,0
โรงเรียนวรราชาทินัดดามาตุวิทยา,2564/1,อิสลาม,P3,1
โรงเรียนวรราชาทินัดดามาตุวิทยา,2564/1,อิสลาม,P4,1
โรงเรียนวรราชาทินัดดามาตุวิทยา,2564/1,อิสลาม,P5,0
โรงเรียนวรราชาทินัดดามาตุวิทยา,2564/1,อิสลาม,P6,1
โรงเรียนวรราชาทินัดดามาตุวิทยา,2564/1,อิสลาม,M1,7
โรงเรียนวรราชาทินัดดามาตุวิทยา,2564/1,อิสลาม,M2,10
โรงเรียนวรราชาทินัดดามาตุวิทยา,2564/1,อิสลาม,M3,1
โรงเรียนวรราชาทินัดดามาตุวิทยา,2564/1,อิสลาม,M4,4
โรงเรียนวรราชาทินัดดามาตุวิทยา,2564/1,อิสลาม,M5,4
โรงเรียนวรราชาทินัดดามาตุวิทยา,2564/1,อิสลาม,M6,2
โรงเรียนสุนทโรเมตตาประชาสรรค์,2564/1,พุทธ,P1,0
โรงเรียนสุนทโรเมตตาประชาสรรค์,2564/1,พุทธ,P2,0
โรงเรียนสุนทโรเมตตาประชาสรรค์,2564/1,พุทธ,P3,0
โรงเรียนสุนทโรเมตตาประชาสรรค์,2564/1,พุทธ,P4,0
โรงเรียนสุนทโรเมตตาประชาสรรค์,2564/1,พุทธ,P5,0
โรงเรียนสุนทโรเมตตาประชาสรรค์,2564/1,พุทธ,P6,0
โรงเรียนสุนทโรเมตตาประชาสรรค์,2564/1,พุทธ,M1,26
โรงเรียนสุนทโรเมตตาประชาสรรค์,2564/1,พุทธ,M2,21
โรงเรียนสุนทโรเมตตาประชาสรรค์,2564/1,พุทธ,M3,11
โรงเรียนสุนทโรเมตตาประชาสรรค์,2564/1,พุทธ,M4,13
โรงเรียนสุนทโรเมตตาประชาสรรค์,2564/1,พุทธ,M5,16
โรงเรียนสุนทโรเมตตาประชาสรรค์,2564/1,พุทธ,M6,16
โรงเรียนสุนทโรเมตตาประชาสรรค์,2564/1,อิสลาม,P1,0
โรงเรียนสุนทโรเมตตาประชาสรรค์,2564/1,อิสลาม,P2,0
โรงเรียนสุนทโรเมตตาประชาสรรค์,2564/1,อิสลาม,P3,0
โรงเรียนสุนทโรเมตตาประชาสรรค์,2564/1,อิสลาม,P4,0
โรงเรียนสุนทโรเมตตาประชาสรรค์,2564/1,อิสลาม,P5,0
โรงเรียนสุนทโรเมตตาประชาสรรค์,2564/1,อิสลาม,P6,0
โรงเรียนสุนทโรเมตตาประชาสรรค์,2564/1,อิสลาม,M1,7
โรงเรียนสุนทโรเมตตาประชาสรรค์,2564/1,อิสลาม,M2,5
โรงเรียนสุนทโรเมตตาประชาสรรค์,2564/1,อิสลาม,M3,7
โรงเรียนสุนทโรเมตตาประชาสรรค์,2564/1,อิสลาม,M4,7
โรงเรียนสุนทโรเมตตาประชาสรรค์,2564/1,อิสลาม,M5,8
โรงเรียนสุนทโรเมตตาประชาสรรค์,2564/1,อิสลาม,M6,4
โรงเรียนวิทยาศาสตร์จุฬาภรณราชวิทยาลัย ปทุมธานี,2564/1,คริสต์,P1,0
โรงเรียนวิทยาศาสตร์จุฬาภรณราชวิทยาลัย ปทุมธานี,2564/1,คริสต์,P2,0
โรงเรียนวิทยาศาสตร์จุฬาภรณราชวิทยาลัย ปทุมธานี,2564/1,คริสต์,P3,0
โรงเรียนวิทยาศาสตร์จุฬาภรณราชวิทยาลัย ปทุมธานี,2564/1,คริสต์,P4,0
โรงเรียนวิทยาศาสตร์จุฬาภรณราชวิทยาลัย ปทุมธานี,2564/1,คริสต์,P5,0
โรงเรียนวิทยาศาสตร์จุฬาภรณราชวิทยาลัย ปทุมธานี,2564/1,คริสต์,P6,0
โรงเรียนวิทยาศาสตร์จุฬาภรณราชวิทยาลัย ปทุมธานี,2564/1,คริสต์,M1,3
โรงเรียนวิทยาศาสตร์จุฬาภรณราชวิทยาลัย ปทุมธานี,2564/1,คริสต์,M2,0
โรงเรียนวิทยาศาสตร์จุฬาภรณราชวิทยาลัย ปทุมธานี,2564/1,คริสต์,M3,3
โรงเรียนวิทยาศาสตร์จุฬาภรณราชวิทยาลัย ปทุมธานี,2564/1,คริสต์,M4,2
โรงเรียนวิทยาศาสตร์จุฬาภรณราชวิทยาลัย ปทุมธานี,2564/1,คริสต์,M5,1
โรงเรียนวิทยาศาสตร์จุฬาภรณราชวิทยาลัย ปทุมธานี,2564/1,คริสต์,M6,2
โรงเรียนวิทยาศาสตร์จุฬาภรณราชวิทยาลัย ปทุมธานี,2564/1,พุทธ,P1,0
โรงเรียนวิทยาศาสตร์จุฬาภรณราชวิทยาลัย ปทุมธานี,2564/1,พุทธ,P2,0
โรงเรียนวิทยาศาสตร์จุฬาภรณราชวิทยาลัย ปทุมธานี,2564/1,พุทธ,P3,0
โรงเรียนวิทยาศาสตร์จุฬาภรณราชวิทยาลัย ปทุมธานี,2564/1,พุทธ,P4,0
โรงเรียนวิทยาศาสตร์จุฬาภรณราชวิทยาลัย ปทุมธานี,2564/1,พุทธ,P5,0
โรงเรียนวิทยาศาสตร์จุฬาภรณราชวิทยาลัย ปทุมธานี,2564/1,พุทธ,P6,0
โรงเรียนวิทยาศาสตร์จุฬาภรณราชวิทยาลัย ปทุมธานี,2564/1,พุทธ,M1,92
โรงเรียนวิทยาศาสตร์จุฬาภรณราชวิทยาลัย ปทุมธานี,2564/1,พุทธ,M2,96
โรงเรียนวิทยาศาสตร์จุฬาภรณราชวิทยาลัย ปทุมธานี,2564/1,พุทธ,M3,93
โรงเรียนวิทยาศาสตร์จุฬาภรณราชวิทยาลัย ปทุมธานี,2564/1,พุทธ,M4,139
โรงเรียนวิทยาศาสตร์จุฬาภรณราชวิทยาลัย ปทุมธานี,2564/1,พุทธ,M5,143
โรงเรียนวิทยาศาสตร์จุฬาภรณราชวิทยาลัย ปทุมธานี,2564/1,พุทธ,M6,140
โรงเรียนวิทยาศาสตร์จุฬาภรณราชวิทยาลัย ปทุมธานี,2564/1,อิสลาม,P1,0
โรงเรียนวิทยาศาสตร์จุฬาภรณราชวิทยาลัย ปทุมธานี,2564/1,อิสลาม,P2,0
โรงเรียนวิทยาศาสตร์จุฬาภรณราชวิทยาลัย ปทุมธานี,2564/1,อิสลาม,P3,0
โรงเรียนวิทยาศาสตร์จุฬาภรณราชวิทยาลัย ปทุมธานี,2564/1,อิสลาม,P4,0
โรงเรียนวิทยาศาสตร์จุฬาภรณราชวิทยาลัย ปทุมธานี,2564/1,อิสลาม,P5,0
โรงเรียนวิทยาศาสตร์จุฬาภรณราชวิทยาลัย ปทุมธานี,2564/1,อิสลาม,P6,0
โรงเรียนวิทยาศาสตร์จุฬาภรณราชวิทยาลัย ปทุมธานี,2564/1,อิสลาม,M1,1
โรงเรียนวิทยาศาสตร์จุฬาภรณราชวิทยาลัย ปทุมธานี,2564/1,อิสลาม,M2,0
โรงเรียนวิทยาศาสตร์จุฬาภรณราชวิทยาลัย ปทุมธานี,2564/1,อิสลาม,M3,0
โรงเรียนวิทยาศาสตร์จุฬาภรณราชวิทยาลัย ปทุมธานี,2564/1,อิสลาม,M4,3
โรงเรียนวิทยาศาสตร์จุฬาภรณราชวิทยาลัย ปทุมธานี,2564/1,อิสลาม,M5,1
โรงเรียนวิทยาศาสตร์จุฬาภรณราชวิทยาลัย ปทุมธานี,2564/1,อิสลาม,M6,3
โรงเรียนชัยสิทธาวาส ,2564/1,พุทธ,P1,0
โรงเรียนชัยสิทธาวาส ,2564/1,พุทธ,P2,0
โรงเรียนชัยสิทธาวาส ,2564/1,พุทธ,P3,0
โรงเรียนชัยสิทธาวาส ,2564/1,พุทธ,P4,0
โรงเรียนชัยสิทธาวาส ,2564/1,พุทธ,P5,0
โรงเรียนชัยสิทธาวาส ,2564/1,พุทธ,P6,0
โรงเรียนชัยสิทธาวาส ,2564/1,พุทธ,M1,75
โรงเรียนชัยสิทธาวาส ,2564/1,พุทธ,M2,47
โรงเรียนชัยสิทธาวาส ,2564/1,พุทธ,M3,58
โรงเรียนชัยสิทธาวาส ,2564/1,พุทธ,M4,31
โรงเรียนชัยสิทธาวาส ,2564/1,พุทธ,M5,30
โรงเรียนชัยสิทธาวาส ,2564/1,พุทธ,M6,35
โรงเรียนชัยสิทธาวาส ,2564/1,อิสลาม,P1,0
โรงเรียนชัยสิทธาวาส ,2564/1,อิสลาม,P2,0
โรงเรียนชัยสิทธาวาส ,2564/1,อิสลาม,P3,0
โรงเรียนชัยสิทธาวาส ,2564/1,อิสลาม,P4,0
โรงเรียนชัยสิทธาวาส ,2564/1,อิสลาม,P5,0
โรงเรียนชัยสิทธาวาส ,2564/1,อิสลาม,P6,0
โรงเรียนชัยสิทธาวาส ,2564/1,อิสลาม,M1,0
โรงเรียนชัยสิทธาวาส ,2564/1,อิสลาม,M2,2
โรงเรียนชัยสิทธาวาส ,2564/1,อิสลาม,M3,0
โรงเรียนชัยสิทธาวาส ,2564/1,อิสลาม,M4,0
โรงเรียนชัยสิทธาวาส ,2564/1,อิสลาม,M5,0
โรงเรียนชัยสิทธาวาส ,2564/1,อิสลาม,M6,0
โรงเรียนเตรียมอุดมศึกษาน้อมเกล้า ปทุมธานี,2564/1,คริสต์,P1,0
โรงเรียนเตรียมอุดมศึกษาน้อมเกล้า ปทุมธานี,2564/1,คริสต์,P2,0
โรงเรียนเตรียมอุดมศึกษาน้อมเกล้า ปทุมธานี,2564/1,คริสต์,P3,0
โรงเรียนเตรียมอุดมศึกษาน้อมเกล้า ปทุมธานี,2564/1,คริสต์,P4,0
โรงเรียนเตรียมอุดมศึกษาน้อมเกล้า ปทุมธานี,2564/1,คริสต์,P5,0
โรงเรียนเตรียมอุดมศึกษาน้อมเกล้า ปทุมธานี,2564/1,คริสต์,P6,0
โรงเรียนเตรียมอุดมศึกษาน้อมเกล้า ปทุมธานี,2564/1,คริสต์,M1,1
โรงเรียนเตรียมอุดมศึกษาน้อมเกล้า ปทุมธานี,2564/1,คริสต์,M2,0
โรงเรียนเตรียมอุดมศึกษาน้อมเกล้า ปทุมธานี,2564/1,คริสต์,M3,0
โรงเรียนเตรียมอุดมศึกษาน้อมเกล้า ปทุมธานี,2564/1,คริสต์,M4,0
โรงเรียนเตรียมอุดมศึกษาน้อมเกล้า ปทุมธานี,2564/1,คริสต์,M5,0
โรงเรียนเตรียมอุดมศึกษาน้อมเกล้า ปทุมธานี,2564/1,คริสต์,M6,0
โรงเรียนเตรียมอุดมศึกษาน้อมเกล้า ปทุมธานี,2564/1,พุทธ,P1,0
โรงเรียนเตรียมอุดมศึกษาน้อมเกล้า ปทุมธานี,2564/1,พุทธ,P2,0
โรงเรียนเตรียมอุดมศึกษาน้อมเกล้า ปทุมธานี,2564/1,พุทธ,P3,0
โรงเรียนเตรียมอุดมศึกษาน้อมเกล้า ปทุมธานี,2564/1,พุทธ,P4,0
โรงเรียนเตรียมอุดมศึกษาน้อมเกล้า ปทุมธานี,2564/1,พุทธ,P5,0
โรงเรียนเตรียมอุดมศึกษาน้อมเกล้า ปทุมธานี,2564/1,พุทธ,P6,0
โรงเรียนเตรียมอุดมศึกษาน้อมเกล้า ปทุมธานี,2564/1,พุทธ,M1,197
โรงเรียนเตรียมอุดมศึกษาน้อมเกล้า ปทุมธานี,2564/1,พุทธ,M2,135
โรงเรียนเตรียมอุดมศึกษาน้อมเกล้า ปทุมธานี,2564/1,พุทธ,M3,200
โรงเรียนเตรียมอุดมศึกษาน้อมเกล้า ปทุมธานี,2564/1,พุทธ,M4,260
โรงเรียนเตรียมอุดมศึกษาน้อมเกล้า ปทุมธานี,2564/1,พุทธ,M5,186
โรงเรียนเตรียมอุดมศึกษาน้อมเกล้า ปทุมธานี,2564/1,พุทธ,M6,173
โรงเรียนเตรียมอุดมศึกษาน้อมเกล้า ปทุมธานี,2564/1,อิสลาม,P1,0
โรงเรียนเตรียมอุดมศึกษาน้อมเกล้า ปทุมธานี,2564/1,อิสลาม,P2,0
โรงเรียนเตรียมอุดมศึกษาน้อมเกล้า ปทุมธานี,2564/1,อิสลาม,P3,0
โรงเรียนเตรียมอุดมศึกษาน้อมเกล้า ปทุมธานี,2564/1,อิสลาม,P4,0
โรงเรียนเตรียมอุดมศึกษาน้อมเกล้า ปทุมธานี,2564/1,อิสลาม,P5,0
โรงเรียนเตรียมอุดมศึกษาน้อมเกล้า ปทุมธานี,2564/1,อิสลาม,P6,0
โรงเรียนเตรียมอุดมศึกษาน้อมเกล้า ปทุมธานี,2564/1,อิสลาม,M1,4
โรงเรียนเตรียมอุดมศึกษาน้อมเกล้า ปทุมธานี,2564/1,อิสลาม,M2,3
โรงเรียนเตรียมอุดมศึกษาน้อมเกล้า ปทุมธานี,2564/1,อิสลาม,M3,2
โรงเรียนเตรียมอุดมศึกษาน้อมเกล้า ปทุมธานี,2564/1,อิสลาม,M4,1
โรงเรียนเตรียมอุดมศึกษาน้อมเกล้า ปทุมธานี,2564/1,อิสลาม,M5,6
โรงเรียนเตรียมอุดมศึกษาน้อมเกล้า ปทุมธานี,2564/1,อิสลาม,M6,2
โรงเรียนเฉลิมพระเกียรติ 60 พรรษา,2564/1,พุทธ,P1,0
โรงเรียนเฉลิมพระเกียรติ 60 พรรษา,2564/1,พุทธ,P2,0
โรงเรียนเฉลิมพระเกียรติ 60 พรรษา,2564/1,พุทธ,P3,0
โรงเรียนเฉลิมพระเกียรติ 60 พรรษา,2564/1,พุทธ,P4,0
โรงเรียนเฉลิมพระเกียรติ 60 พรรษา,2564/1,พุทธ,P5,0
โรงเรียนเฉลิมพระเกียรติ 60 พรรษา,2564/1,พุทธ,P6,0
โรงเรียนเฉลิมพระเกียรติ 60 พรรษา,2564/1,พุทธ,M1,44
โรงเรียนเฉลิมพระเกียรติ 60 พรรษา,2564/1,พุทธ,M2,45
โรงเรียนเฉลิมพระเกียรติ 60 พรรษา,2564/1,พุทธ,M3,45
โรงเรียนเฉลิมพระเกียรติ 60 พรรษา,2564/1,พุทธ,M4,43
โรงเรียนเฉลิมพระเกียรติ 60 พรรษา,2564/1,พุทธ,M5,45
โรงเรียนเฉลิมพระเกียรติ 60 พรรษา,2564/1,พุทธ,M6,46
โรงเรียนธัญรัตน์,2564/1,คริสต์,P1,0
โรงเรียนธัญรัตน์,2564/1,คริสต์,P2,0
โรงเรียนธัญรัตน์,2564/1,คริสต์,P3,0
โรงเรียนธัญรัตน์,2564/1,คริสต์,P4,0
โรงเรียนธัญรัตน์,2564/1,คริสต์,P5,0
โรงเรียนธัญรัตน์,2564/1,คริสต์,P6,0
โรงเรียนธัญรัตน์,2564/1,คริสต์,M1,0
โรงเรียนธัญรัตน์,2564/1,คริสต์,M2,1
โรงเรียนธัญรัตน์,2564/1,คริสต์,M3,0
โรงเรียนธัญรัตน์,2564/1,คริสต์,M4,0
โรงเรียนธัญรัตน์,2564/1,คริสต์,M5,1
โรงเรียนธัญรัตน์,2564/1,คริสต์,M6,0
โรงเรียนธัญรัตน์,2564/1,พุทธ,P1,0
โรงเรียนธัญรัตน์,2564/1,พุทธ,P2,0
โรงเรียนธัญรัตน์,2564/1,พุทธ,P3,0
โรงเรียนธัญรัตน์,2564/1,พุทธ,P4,0
โรงเรียนธัญรัตน์,2564/1,พุทธ,P5,0
โรงเรียนธัญรัตน์,2564/1,พุทธ,P6,0
โรงเรียนธัญรัตน์,2564/1,พุทธ,M1,552
โรงเรียนธัญรัตน์,2564/1,พุทธ,M2,643
โรงเรียนธัญรัตน์,2564/1,พุทธ,M3,616
โรงเรียนธัญรัตน์,2564/1,พุทธ,M4,545
โรงเรียนธัญรัตน์,2564/1,พุทธ,M5,531
โรงเรียนธัญรัตน์,2564/1,พุทธ,M6,497
โรงเรียนธัญรัตน์,2564/1,อิสลาม,P1,0
โรงเรียนธัญรัตน์,2564/1,อิสลาม,P2,0
โรงเรียนธัญรัตน์,2564/1,อิสลาม,P3,0
โรงเรียนธัญรัตน์,2564/1,อิสลาม,P4,0
โรงเรียนธัญรัตน์,2564/1,อิสลาม,P5,0
โรงเรียนธัญรัตน์,2564/1,อิสลาม,P6,0
โรงเรียนธัญรัตน์,2564/1,อิสลาม,M1,2
โรงเรียนธัญรัตน์,2564/1,อิสลาม,M2,6
โรงเรียนธัญรัตน์,2564/1,อิสลาม,M3,11
โรงเรียนธัญรัตน์,2564/1,อิสลาม,M4,1
โรงเรียนธัญรัตน์,2564/1,อิสลาม,M5,4
โรงเรียนธัญรัตน์,2564/1,อิสลาม,M6,0
โรงเรียนธัญรัตน์,2564/1,อื่นๆ,P1,0
โรงเรียนธัญรัตน์,2564/1,อื่นๆ,P2,0
โรงเรียนธัญรัตน์,2564/1,อื่นๆ,P3,0
โรงเรียนธัญรัตน์,2564/1,อื่นๆ,P4,0
โรงเรียนธัญรัตน์,2564/1,อื่นๆ,P5,0
โรงเรียนธัญรัตน์,2564/1,อื่นๆ,P6,0
โรงเรียนธัญรัตน์,2564/1,อื่นๆ,M1,37
โรงเรียนธัญรัตน์,2564/1,อื่นๆ,M2,0
โรงเรียนธัญรัตน์,2564/1,อื่นๆ,M3,0
โรงเรียนธัญรัตน์,2564/1,อื่นๆ,M4,0
โรงเรียนธัญรัตน์,2564/1,อื่นๆ,M5,0
โรงเรียนธัญรัตน์,2564/1,อื่นๆ,M6,0
โรงเรียนสายปัญญารังสิต,2564/1,คริสต์,P1,0
โรงเรียนสายปัญญารังสิต,2564/1,คริสต์,P2,0
โรงเรียนสายปัญญารังสิต,2564/1,คริสต์,P3,0
โรงเรียนสายปัญญารังสิต,2564/1,คริสต์,P4,0
โรงเรียนสายปัญญารังสิต,2564/1,คริสต์,P5,0
โรงเรียนสายปัญญารังสิต,2564/1,คริสต์,P6,0
โรงเรียนสายปัญญารังสิต,2564/1,คริสต์,M1,4
โรงเรียนสายปัญญารังสิต,2564/1,คริสต์,M2,4
โรงเรียนสายปัญญารังสิต,2564/1,คริสต์,M3,8
โรงเรียนสายปัญญารังสิต,2564/1,คริสต์,M4,3
โรงเรียนสายปัญญารังสิต,2564/1,คริสต์,M5,1
โรงเรียนสายปัญญารังสิต,2564/1,คริสต์,M6,2
โรงเรียนสายปัญญารังสิต,2564/1,พราหมณ์/ฮินดู,P1,0
โรงเรียนสายปัญญารังสิต,2564/1,พราหมณ์/ฮินดู,P2,0
โรงเรียนสายปัญญารังสิต,2564/1,พราหมณ์/ฮินดู,P3,0
โรงเรียนสายปัญญารังสิต,2564/1,พราหมณ์/ฮินดู,P4,0
โรงเรียนสายปัญญารังสิต,2564/1,พราหมณ์/ฮินดู,P5,0
โรงเรียนสายปัญญารังสิต,2564/1,พราหมณ์/ฮินดู,P6,0
โรงเรียนสายปัญญารังสิต,2564/1,พราหมณ์/ฮินดู,M1,0
โรงเรียนสายปัญญารังสิต,2564/1,พราหมณ์/ฮินดู,M2,0
โรงเรียนสายปัญญารังสิต,2564/1,พราหมณ์/ฮินดู,M3,1
โรงเรียนสายปัญญารังสิต,2564/1,พราหมณ์/ฮินดู,M4,0
โรงเรียนสายปัญญารังสิต,2564/1,พราหมณ์/ฮินดู,M5,0
โรงเรียนสายปัญญารังสิต,2564/1,พราหมณ์/ฮินดู,M6,0
โรงเรียนสายปัญญารังสิต,2564/1,พุทธ,P1,0
โรงเรียนสายปัญญารังสิต,2564/1,พุทธ,P2,0
โรงเรียนสายปัญญารังสิต,2564/1,พุทธ,P3,0
โรงเรียนสายปัญญารังสิต,2564/1,พุทธ,P4,0
โรงเรียนสายปัญญารังสิต,2564/1,พุทธ,P5,0
โรงเรียนสายปัญญารังสิต,2564/1,พุทธ,P6,0
โรงเรียนสายปัญญารังสิต,2564/1,พุทธ,M1,384
โรงเรียนสายปัญญารังสิต,2564/1,พุทธ,M2,385
โรงเรียนสายปัญญารังสิต,2564/1,พุทธ,M3,371
โรงเรียนสายปัญญารังสิต,2564/1,พุทธ,M4,306
โรงเรียนสายปัญญารังสิต,2564/1,พุทธ,M5,314
โรงเรียนสายปัญญารังสิต,2564/1,พุทธ,M6,312
โรงเรียนสายปัญญารังสิต,2564/1,อิสลาม,P1,0
โรงเรียนสายปัญญารังสิต,2564/1,อิสลาม,P2,0
โรงเรียนสายปัญญารังสิต,2564/1,อิสลาม,P3,0
โรงเรียนสายปัญญารังสิต,2564/1,อิสลาม,P4,0
โรงเรียนสายปัญญารังสิต,2564/1,อิสลาม,P5,0
โรงเรียนสายปัญญารังสิต,2564/1,อิสลาม,P6,0
โรงเรียนสายปัญญารังสิต,2564/1,อิสลาม,M1,3
โรงเรียนสายปัญญารังสิต,2564/1,อิสลาม,M2,2
โรงเรียนสายปัญญารังสิต,2564/1,อิสลาม,M3,9
โรงเรียนสายปัญญารังสิต,2564/1,อิสลาม,M4,5
โรงเรียนสายปัญญารังสิต,2564/1,อิสลาม,M5,2
โรงเรียนสายปัญญารังสิต,2564/1,อิสลาม,M6,1
โรงเรียนสายปัญญารังสิต,2564/1,อื่นๆ,P1,0
โรงเรียนสายปัญญารังสิต,2564/1,อื่นๆ,P2,0
โรงเรียนสายปัญญารังสิต,2564/1,อื่นๆ,P3,0
โรงเรียนสายปัญญารังสิต,2564/1,อื่นๆ,P4,0
โรงเรียนสายปัญญารังสิต,2564/1,อื่นๆ,P5,0
โรงเรียนสายปัญญารังสิต,2564/1,อื่นๆ,P6,0
โรงเรียนสายปัญญารังสิต,2564/1,อื่นๆ,M1,0
โรงเรียนสายปัญญารังสิต,2564/1,อื่นๆ,M2,3
โรงเรียนสายปัญญารังสิต,2564/1,อื่นๆ,M3,1
โรงเรียนสายปัญญารังสิต,2564/1,อื่นๆ,M4,0
โรงเรียนสายปัญญารังสิต,2564/1,อื่นๆ,M5,0
โรงเรียนสายปัญญารังสิต,2564/1,อื่นๆ,M6,0
โรงเรียนธัญบุรี,2564/1,คริสต์,P1,0
โรงเรียนธัญบุรี,2564/1,คริสต์,P2,0
โรงเรียนธัญบุรี,2564/1,คริสต์,P3,0
โรงเรียนธัญบุรี,2564/1,คริสต์,P4,0
โรงเรียนธัญบุรี,2564/1,คริสต์,P5,0
โรงเรียนธัญบุรี,2564/1,คริสต์,P6,0
โรงเรียนธัญบุรี,2564/1,คริสต์,M1,5
โรงเรียนธัญบุรี,2564/1,คริสต์,M2,2
โรงเรียนธัญบุรี,2564/1,คริสต์,M3,2
โรงเรียนธัญบุรี,2564/1,คริสต์,M4,4
โรงเรียนธัญบุรี,2564/1,คริสต์,M5,2
โรงเรียนธัญบุรี,2564/1,คริสต์,M6,1
โรงเรียนธัญบุรี,2564/1,พุทธ,P1,0
โรงเรียนธัญบุรี,2564/1,พุทธ,P2,0
โรงเรียนธัญบุรี,2564/1,พุทธ,P3,0
โรงเรียนธัญบุรี,2564/1,พุทธ,P4,0
โรงเรียนธัญบุรี,2564/1,พุทธ,P5,0
โรงเรียนธัญบุรี,2564/1,พุทธ,P6,0
โรงเรียนธัญบุรี,2564/1,พุทธ,M1,465
โรงเรียนธัญบุรี,2564/1,พุทธ,M2,484
โรงเรียนธัญบุรี,2564/1,พุทธ,M3,470
โรงเรียนธัญบุรี,2564/1,พุทธ,M4,451
โรงเรียนธัญบุรี,2564/1,พุทธ,M5,448
โรงเรียนธัญบุรี,2564/1,พุทธ,M6,437
โรงเรียนธัญบุรี,2564/1,อิสลาม,P1,0
โรงเรียนธัญบุรี,2564/1,อิสลาม,P2,0
โรงเรียนธัญบุรี,2564/1,อิสลาม,P3,0
โรงเรียนธัญบุรี,2564/1,อิสลาม,P4,0
โรงเรียนธัญบุรี,2564/1,อิสลาม,P5,0
โรงเรียนธัญบุรี,2564/1,อิสลาม,P6,0
โรงเรียนธัญบุรี,2564/1,อิสลาม,M1,3
โรงเรียนธัญบุรี,2564/1,อิสลาม,M2,2
โรงเรียนธัญบุรี,2564/1,อิสลาม,M3,3
โรงเรียนธัญบุรี,2564/1,อิสลาม,M4,5
โรงเรียนธัญบุรี,2564/1,อิสลาม,M5,3
โรงเรียนธัญบุรี,2564/1,อิสลาม,M6,5
โรงเรียนธัญบุรี,2564/1,อื่นๆ,P1,0
โรงเรียนธัญบุรี,2564/1,อื่นๆ,P2,0
โรงเรียนธัญบุรี,2564/1,อื่นๆ,P3,0
โรงเรียนธัญบุรี,2564/1,อื่นๆ,P4,0
โรงเรียนธัญบุรี,2564/1,อื่นๆ,P5,0
โรงเรียนธัญบุรี,2564/1,อื่นๆ,P6,0
โรงเรียนธัญบุรี,2564/1,อื่นๆ,M1,0
โรงเรียนธัญบุรี,2564/1,อื่นๆ,M2,1
โรงเรียนธัญบุรี,2564/1,อื่นๆ,M3,0
โรงเรียนธัญบุรี,2564/1,อื่นๆ,M4,0
โรงเรียนธัญบุรี,2564/1,อื่นๆ,M5,0
โรงเรียนธัญบุรี,2564/1,อื่นๆ,M6,0
โรงเรียนหนองเสือวิทยาคม,2564/1,คริสต์,P1,0
โรงเรียนหนองเสือวิทยาคม,2564/1,คริสต์,P2,0
โรงเรียนหนองเสือวิทยาคม,2564/1,คริสต์,P3,0
โรงเรียนหนองเสือวิทยาคม,2564/1,คริสต์,P4,0
โรงเรียนหนองเสือวิทยาคม,2564/1,คริสต์,P5,0
โรงเรียนหนองเสือวิทยาคม,2564/1,คริสต์,P6,0
โรงเรียนหนองเสือวิทยาคม,2564/1,คริสต์,M1,0
โรงเรียนหนองเสือวิทยาคม,2564/1,คริสต์,M2,0
โรงเรียนหนองเสือวิทยาคม,2564/1,คริสต์,M3,0
โรงเรียนหนองเสือวิทยาคม,2564/1,คริสต์,M4,0
โรงเรียนหนองเสือวิทยาคม,2564/1,คริสต์,M5,0
โรงเรียนหนองเสือวิทยาคม,2564/1,คริสต์,M6,1
โรงเรียนหนองเสือวิทยาคม,2564/1,พุทธ,P1,0
โรงเรียนหนองเสือวิทยาคม,2564/1,พุทธ,P2,0
โรงเรียนหนองเสือวิทยาคม,2564/1,พุทธ,P3,0
โรงเรียนหนองเสือวิทยาคม,2564/1,พุทธ,P4,0
โรงเรียนหนองเสือวิทยาคม,2564/1,พุทธ,P5,0
โรงเรียนหนองเสือวิทยาคม,2564/1,พุทธ,P6,0
โรงเรียนหนองเสือวิทยาคม,2564/1,พุทธ,M1,379
โรงเรียนหนองเสือวิทยาคม,2564/1,พุทธ,M2,324
โรงเรียนหนองเสือวิทยาคม,2564/1,พุทธ,M3,352
โรงเรียนหนองเสือวิทยาคม,2564/1,พุทธ,M4,310
โรงเรียนหนองเสือวิทยาคม,2564/1,พุทธ,M5,277
โรงเรียนหนองเสือวิทยาคม,2564/1,พุทธ,M6,219
โรงเรียนหนองเสือวิทยาคม,2564/1,อิสลาม,P1,0
โรงเรียนหนองเสือวิทยาคม,2564/1,อิสลาม,P2,0
โรงเรียนหนองเสือวิทยาคม,2564/1,อิสลาม,P3,0
โรงเรียนหนองเสือวิทยาคม,2564/1,อิสลาม,P4,0
โรงเรียนหนองเสือวิทยาคม,2564/1,อิสลาม,P5,0
โรงเรียนหนองเสือวิทยาคม,2564/1,อิสลาม,P6,0
โรงเรียนหนองเสือวิทยาคม,2564/1,อิสลาม,M1,10
โรงเรียนหนองเสือวิทยาคม,2564/1,อิสลาม,M2,4
โรงเรียนหนองเสือวิทยาคม,2564/1,อิสลาม,M3,3
โรงเรียนหนองเสือวิทยาคม,2564/1,อิสลาม,M4,8
โรงเรียนหนองเสือวิทยาคม,2564/1,อิสลาม,M5,6
โรงเรียนหนองเสือวิทยาคม,2564/1,อิสลาม,M6,8
โรงเรียนหนองเสือวิทยาคม,2564/1,อื่นๆ,P1,0
โรงเรียนหนองเสือวิทยาคม,2564/1,อื่นๆ,P2,0
โรงเรียนหนองเสือวิทยาคม,2564/1,อื่นๆ,P3,0
โรงเรียนหนองเสือวิทยาคม,2564/1,อื่นๆ,P4,0
โรงเรียนหนองเสือวิทยาคม,2564/1,อื่นๆ,P5,0
โรงเรียนหนองเสือวิทยาคม,2564/1,อื่นๆ,P6,0
โรงเรียนหนองเสือวิทยาคม,2564/1,อื่นๆ,M1,0
โรงเรียนหนองเสือวิทยาคม,2564/1,อื่นๆ,M2,0
โรงเรียนหนองเสือวิทยาคม,2564/1,อื่นๆ,M3,1
โรงเรียนหนองเสือวิทยาคม,2564/1,อื่นๆ,M4,0
โรงเรียนหนองเสือวิทยาคม,2564/1,อื่นๆ,M5,0
โรงเรียนหนองเสือวิทยาคม,2564/1,อื่นๆ,M6,0
โรงเรียนเตรียมอุดมศึกษาพัฒนาการ ปทุมธานี,2564/1,คริสต์,P1,0
โรงเรียนเตรียมอุดมศึกษาพัฒนาการ ปทุมธานี,2564/1,คริสต์,P2,0
โรงเรียนเตรียมอุดมศึกษาพัฒนาการ ปทุมธานี,2564/1,คริสต์,P3,0
โรงเรียนเตรียมอุดมศึกษาพัฒนาการ ปทุมธานี,2564/1,คริสต์,P4,0
โรงเรียนเตรียมอุดมศึกษาพัฒนาการ ปทุมธานี,2564/1,คริสต์,P5,0
โรงเรียนเตรียมอุดมศึกษาพัฒนาการ ปทุมธานี,2564/1,คริสต์,P6,0
โรงเรียนเตรียมอุดมศึกษาพัฒนาการ ปทุมธานี,2564/1,คริสต์,M1,0
โรงเรียนเตรียมอุดมศึกษาพัฒนาการ ปทุมธานี,2564/1,คริสต์,M2,3
โรงเรียนเตรียมอุดมศึกษาพัฒนาการ ปทุมธานี,2564/1,คริสต์,M3,0
โรงเรียนเตรียมอุดมศึกษาพัฒนาการ ปทุมธานี,2564/1,คริสต์,M4,6
โรงเรียนเตรียมอุดมศึกษาพัฒนาการ ปทุมธานี,2564/1,คริสต์,M5,0
โรงเรียนเตรียมอุดมศึกษาพัฒนาการ ปทุมธานี,2564/1,คริสต์,M6,3
โรงเรียนเตรียมอุดมศึกษาพัฒนาการ ปทุมธานี,2564/1,พุทธ,P1,0
โรงเรียนเตรียมอุดมศึกษาพัฒนาการ ปทุมธานี,2564/1,พุทธ,P2,0
โรงเรียนเตรียมอุดมศึกษาพัฒนาการ ปทุมธานี,2564/1,พุทธ,P3,0
โรงเรียนเตรียมอุดมศึกษาพัฒนาการ ปทุมธานี,2564/1,พุทธ,P4,0
โรงเรียนเตรียมอุดมศึกษาพัฒนาการ ปทุมธานี,2564/1,พุทธ,P5,0
โรงเรียนเตรียมอุดมศึกษาพัฒนาการ ปทุมธานี,2564/1,พุทธ,P6,0
โรงเรียนเตรียมอุดมศึกษาพัฒนาการ ปทุมธานี,2564/1,พุทธ,M1,459
โรงเรียนเตรียมอุดมศึกษาพัฒนาการ ปทุมธานี,2564/1,พุทธ,M2,439
โรงเรียนเตรียมอุดมศึกษาพัฒนาการ ปทุมธานี,2564/1,พุทธ,M3,419
โรงเรียนเตรียมอุดมศึกษาพัฒนาการ ปทุมธานี,2564/1,พุทธ,M4,401
โรงเรียนเตรียมอุดมศึกษาพัฒนาการ ปทุมธานี,2564/1,พุทธ,M5,410
โรงเรียนเตรียมอุดมศึกษาพัฒนาการ ปทุมธานี,2564/1,พุทธ,M6,337
โรงเรียนเตรียมอุดมศึกษาพัฒนาการ ปทุมธานี,2564/1,อิสลาม,P1,0
โรงเรียนเตรียมอุดมศึกษาพัฒนาการ ปทุมธานี,2564/1,อิสลาม,P2,0
โรงเรียนเตรียมอุดมศึกษาพัฒนาการ ปทุมธานี,2564/1,อิสลาม,P3,0
โรงเรียนเตรียมอุดมศึกษาพัฒนาการ ปทุมธานี,2564/1,อิสลาม,P4,0
โรงเรียนเตรียมอุดมศึกษาพัฒนาการ ปทุมธานี,2564/1,อิสลาม,P5,0
โรงเรียนเตรียมอุดมศึกษาพัฒนาการ ปทุมธานี,2564/1,อิสลาม,P6,0
โรงเรียนเตรียมอุดมศึกษาพัฒนาการ ปทุมธานี,2564/1,อิสลาม,M1,33
โรงเรียนเตรียมอุดมศึกษาพัฒนาการ ปทุมธานี,2564/1,อิสลาม,M2,21
โรงเรียนเตรียมอุดมศึกษาพัฒนาการ ปทุมธานี,2564/1,อิสลาม,M3,24
โรงเรียนเตรียมอุดมศึกษาพัฒนาการ ปทุมธานี,2564/1,อิสลาม,M4,18
โรงเรียนเตรียมอุดมศึกษาพัฒนาการ ปทุมธานี,2564/1,อิสลาม,M5,18
โรงเรียนเตรียมอุดมศึกษาพัฒนาการ ปทุมธานี,2564/1,อิสลาม,M6,17
โรงเรียนเทพศิรินทร์คลองสิบสาม ปทุมธานี,2564/1,คริสต์,P1,0
โรงเรียนเทพศิรินทร์คลองสิบสาม ปทุมธานี,2564/1,คริสต์,P2,0
โรงเรียนเทพศิรินทร์คลองสิบสาม ปทุมธานี,2564/1,คริสต์,P3,0
โรงเรียนเทพศิรินทร์คลองสิบสาม ปทุมธานี,2564/1,คริสต์,P4,0
โรงเรียนเทพศิรินทร์คลองสิบสาม ปทุมธานี,2564/1,คริสต์,P5,0
โรงเรียนเทพศิรินทร์คลองสิบสาม ปทุมธานี,2564/1,คริสต์,P6,0
โรงเรียนเทพศิรินทร์คลองสิบสาม ปทุมธานี,2564/1,คริสต์,M1,3
โรงเรียนเทพศิรินทร์คลองสิบสาม ปทุมธานี,2564/1,คริสต์,M2,1
โรงเรียนเทพศิรินทร์คลองสิบสาม ปทุมธานี,2564/1,คริสต์,M3,0
โรงเรียนเทพศิรินทร์คลองสิบสาม ปทุมธานี,2564/1,คริสต์,M4,2
โรงเรียนเทพศิรินทร์คลองสิบสาม ปทุมธานี,2564/1,คริสต์,M5,0
โรงเรียนเทพศิรินทร์คลองสิบสาม ปทุมธานี,2564/1,คริสต์,M6,0
โรงเรียนเทพศิรินทร์คลองสิบสาม ปทุมธานี,2564/1,พุทธ,P1,0
โรงเรียนเทพศิรินทร์คลองสิบสาม ปทุมธานี,2564/1,พุทธ,P2,0
โรงเรียนเทพศิรินทร์คลองสิบสาม ปทุมธานี,2564/1,พุทธ,P3,0
โรงเรียนเทพศิรินทร์คลองสิบสาม ปทุมธานี,2564/1,พุทธ,P4,0
โรงเรียนเทพศิรินทร์คลองสิบสาม ปทุมธานี,2564/1,พุทธ,P5,0
โรงเรียนเทพศิรินทร์คลองสิบสาม ปทุมธานี,2564/1,พุทธ,P6,0
โรงเรียนเทพศิรินทร์คลองสิบสาม ปทุมธานี,2564/1,พุทธ,M1,131
โรงเรียนเทพศิรินทร์คลองสิบสาม ปทุมธานี,2564/1,พุทธ,M2,94
โรงเรียนเทพศิรินทร์คลองสิบสาม ปทุมธานี,2564/1,พุทธ,M3,97
โรงเรียนเทพศิรินทร์คลองสิบสาม ปทุมธานี,2564/1,พุทธ,M4,139
โรงเรียนเทพศิรินทร์คลองสิบสาม ปทุมธานี,2564/1,พุทธ,M5,128
โรงเรียนเทพศิรินทร์คลองสิบสาม ปทุมธานี,2564/1,พุทธ,M6,92
โรงเรียนเทพศิรินทร์คลองสิบสาม ปทุมธานี,2564/1,อิสลาม,P1,0
โรงเรียนเทพศิรินทร์คลองสิบสาม ปทุมธานี,2564/1,อิสลาม,P2,0
โรงเรียนเทพศิรินทร์คลองสิบสาม ปทุมธานี,2564/1,อิสลาม,P3,0
โรงเรียนเทพศิรินทร์คลองสิบสาม ปทุมธานี,2564/1,อิสลาม,P4,0
โรงเรียนเทพศิรินทร์คลองสิบสาม ปทุมธานี,2564/1,อิสลาม,P5,0
โรงเรียนเทพศิรินทร์คลองสิบสาม ปทุมธานี,2564/1,อิสลาม,P6,0
โรงเรียนเทพศิรินทร์คลองสิบสาม ปทุมธานี,2564/1,อิสลาม,M1,46
โรงเรียนเทพศิรินทร์คลองสิบสาม ปทุมธานี,2564/1,อิสลาม,M2,38
โรงเรียนเทพศิรินทร์คลองสิบสาม ปทุมธานี,2564/1,อิสลาม,M3,46
โรงเรียนเทพศิรินทร์คลองสิบสาม ปทุมธานี,2564/1,อิสลาม,M4,35
โรงเรียนเทพศิรินทร์คลองสิบสาม ปทุมธานี,2564/1,อิสลาม,M5,34
โรงเรียนเทพศิรินทร์คลองสิบสาม ปทุมธานี,2564/1,อิสลาม,M6,28
โรงเรียนนวมินทราชินูทิศ สวนกุหลาบวิทยาลัย ปทุมธานี,2564/1,คริสต์,P1,0
โรงเรียนนวมินทราชินูทิศ สวนกุหลาบวิทยาลัย ปทุมธานี,2564/1,คริสต์,P2,0
โรงเรียนนวมินทราชินูทิศ สวนกุหลาบวิทยาลัย ปทุมธานี,2564/1,คริสต์,P3,0
โรงเรียนนวมินทราชินูทิศ สวนกุหลาบวิทยาลัย ปทุมธานี,2564/1,คริสต์,P4,0
โรงเรียนนวมินทราชินูทิศ สวนกุหลาบวิทยาลัย ปทุมธานี,2564/1,คริสต์,P5,0
โรงเรียนนวมินทราชินูทิศ สวนกุหลาบวิทยาลัย ปทุมธานี,2564/1,คริสต์,P6,0
โรงเรียนนวมินทราชินูทิศ สวนกุหลาบวิทยาลัย ปทุมธานี,2564/1,คริสต์,M1,4
โรงเรียนนวมินทราชินูทิศ สวนกุหลาบวิทยาลัย ปทุมธานี,2564/1,คริสต์,M2,1
โรงเรียนนวมินทราชินูทิศ สวนกุหลาบวิทยาลัย ปทุมธานี,2564/1,คริสต์,M3,5
โรงเรียนนวมินทราชินูทิศ สวนกุหลาบวิทยาลัย ปทุมธานี,2564/1,คริสต์,M4,8
โรงเรียนนวมินทราชินูทิศ สวนกุหลาบวิทยาลัย ปทุมธานี,2564/1,คริสต์,M5,4
โรงเรียนนวมินทราชินูทิศ สวนกุหลาบวิทยาลัย ปทุมธานี,2564/1,คริสต์,M6,7
โรงเรียนนวมินทราชินูทิศ สวนกุหลาบวิทยาลัย ปทุมธานี,2564/1,พุทธ,P1,0
โรงเรียนนวมินทราชินูทิศ สวนกุหลาบวิทยาลัย ปทุมธานี,2564/1,พุทธ,P2,0
โรงเรียนนวมินทราชินูทิศ สวนกุหลาบวิทยาลัย ปทุมธานี,2564/1,พุทธ,P3,0
โรงเรียนนวมินทราชินูทิศ สวนกุหลาบวิทยาลัย ปทุมธานี,2564/1,พุทธ,P4,0
โรงเรียนนวมินทราชินูทิศ สวนกุหลาบวิทยาลัย ปทุมธานี,2564/1,พุทธ,P5,0
โรงเรียนนวมินทราชินูทิศ สวนกุหลาบวิทยาลัย ปทุมธานี,2564/1,พุทธ,P6,0
โรงเรียนนวมินทราชินูทิศ สวนกุหลาบวิทยาลัย ปทุมธานี,2564/1,พุทธ,M1,340
โรงเรียนนวมินทราชินูทิศ สวนกุหลาบวิทยาลัย ปทุมธานี,2564/1,พุทธ,M2,356
โรงเรียนนวมินทราชินูทิศ สวนกุหลาบวิทยาลัย ปทุมธานี,2564/1,พุทธ,M3,333
โรงเรียนนวมินทราชินูทิศ สวนกุหลาบวิทยาลัย ปทุมธานี,2564/1,พุทธ,M4,323
โรงเรียนนวมินทราชินูทิศ สวนกุหลาบวิทยาลัย ปทุมธานี,2564/1,พุทธ,M5,345
โรงเรียนนวมินทราชินูทิศ สวนกุหลาบวิทยาลัย ปทุมธานี,2564/1,พุทธ,M6,359
โรงเรียนนวมินทราชินูทิศ สวนกุหลาบวิทยาลัย ปทุมธานี,2564/1,อิสลาม,P1,0
โรงเรียนนวมินทราชินูทิศ สวนกุหลาบวิทยาลัย ปทุมธานี,2564/1,อิสลาม,P2,0
โรงเรียนนวมินทราชินูทิศ สวนกุหลาบวิทยาลัย ปทุมธานี,2564/1,อิสลาม,P3,0
โรงเรียนนวมินทราชินูทิศ สวนกุหลาบวิทยาลัย ปทุมธานี,2564/1,อิสลาม,P4,0
โรงเรียนนวมินทราชินูทิศ สวนกุหลาบวิทยาลัย ปทุมธานี,2564/1,อิสลาม,P5,0
โรงเรียนนวมินทราชินูทิศ สวนกุหลาบวิทยาลัย ปทุมธานี,2564/1,อิสลาม,P6,0
โรงเรียนนวมินทราชินูทิศ สวนกุหลาบวิทยาลัย ปทุมธานี,2564/1,อิสลาม,M1,28
โรงเรียนนวมินทราชินูทิศ สวนกุหลาบวิทยาลัย ปทุมธานี,2564/1,อิสลาม,M2,19
โรงเรียนนวมินทราชินูทิศ สวนกุหลาบวิทยาลัย ปทุมธานี,2564/1,อิสลาม,M3,36
โรงเรียนนวมินทราชินูทิศ สวนกุหลาบวิทยาลัย ปทุมธานี,2564/1,อิสลาม,M4,26
โรงเรียนนวมินทราชินูทิศ สวนกุหลาบวิทยาลัย ปทุมธานี,2564/1,อิสลาม,M5,28
โรงเรียนนวมินทราชินูทิศ สวนกุหลาบวิทยาลัย ปทุมธานี,2564/1,อิสลาม,M6,25
โรงเรียนมัธยมสังคีตวิทยา กรุงเทพมหานคร,2564/1,คริสต์,P1,0
โรงเรียนมัธยมสังคีตวิทยา กรุงเทพมหานคร,2564/1,คริสต์,P2,0
โรงเรียนมัธยมสังคีตวิทยา กรุงเทพมหานคร,2564/1,คริสต์,P3,0
โรงเรียนมัธยมสังคีตวิทยา กรุงเทพมหานคร,2564/1,คริสต์,P4,0
โรงเรียนมัธยมสังคีตวิทยา กรุงเทพมหานคร,2564/1,คริสต์,P5,0
โรงเรียนมัธยมสังคีตวิทยา กรุงเทพมหานคร,2564/1,คริสต์,P6,0
โรงเรียนมัธยมสังคีตวิทยา กรุงเทพมหานคร,2564/1,คริสต์,M1,0
โรงเรียนมัธยมสังคีตวิทยา กรุงเทพมหานคร,2564/1,คริสต์,M2,0
โรงเรียนมัธยมสังคีตวิทยา กรุงเทพมหานคร,2564/1,คริสต์,M3,0
โรงเรียนมัธยมสังคีตวิทยา กรุงเทพมหานคร,2564/1,คริสต์,M4,0
โรงเรียนมัธยมสังคีตวิทยา กรุงเทพมหานคร,2564/1,คริสต์,M5,0
โรงเรียนมัธยมสังคีตวิทยา กรุงเทพมหานคร,2564/1,คริสต์,M6,1
โรงเรียนมัธยมสังคีตวิทยา กรุงเทพมหานคร,2564/1,พุทธ,P1,0
โรงเรียนมัธยมสังคีตวิทยา กรุงเทพมหานคร,2564/1,พุทธ,P2,0
โรงเรียนมัธยมสังคีตวิทยา กรุงเทพมหานคร,2564/1,พุทธ,P3,0
โรงเรียนมัธยมสังคีตวิทยา กรุงเทพมหานคร,2564/1,พุทธ,P4,0
โรงเรียนมัธยมสังคีตวิทยา กรุงเทพมหานคร,2564/1,พุทธ,P5,0
โรงเรียนมัธยมสังคีตวิทยา กรุงเทพมหานคร,2564/1,พุทธ,P6,0
โรงเรียนมัธยมสังคีตวิทยา กรุงเทพมหานคร,2564/1,พุทธ,M1,126
โรงเรียนมัธยมสังคีตวิทยา กรุงเทพมหานคร,2564/1,พุทธ,M2,93
โรงเรียนมัธยมสังคีตวิทยา กรุงเทพมหานคร,2564/1,พุทธ,M3,89
โรงเรียนมัธยมสังคีตวิทยา กรุงเทพมหานคร,2564/1,พุทธ,M4,123
โรงเรียนมัธยมสังคีตวิทยา กรุงเทพมหานคร,2564/1,พุทธ,M5,107
โรงเรียนมัธยมสังคีตวิทยา กรุงเทพมหานคร,2564/1,พุทธ,M6,83
โรงเรียนมัธยมสังคีตวิทยา กรุงเทพมหานคร,2564/1,อิสลาม,P1,0
โรงเรียนมัธยมสังคีตวิทยา กรุงเทพมหานคร,2564/1,อิสลาม,P2,0
โรงเรียนมัธยมสังคีตวิทยา กรุงเทพมหานคร,2564/1,อิสลาม,P3,0
โรงเรียนมัธยมสังคีตวิทยา กรุงเทพมหานคร,2564/1,อิสลาม,P4,0
โรงเรียนมัธยมสังคีตวิทยา กรุงเทพมหานคร,2564/1,อิสลาม,P5,0
โรงเรียนมัธยมสังคีตวิทยา กรุงเทพมหานคร,2564/1,อิสลาม,P6,0
โรงเรียนมัธยมสังคีตวิทยา กรุงเทพมหานคร,2564/1,อิสลาม,M1,0
โรงเรียนมัธยมสังคีตวิทยา กรุงเทพมหานคร,2564/1,อิสลาม,M2,1
โรงเรียนมัธยมสังคีตวิทยา กรุงเทพมหานคร,2564/1,อิสลาม,M3,0
โรงเรียนมัธยมสังคีตวิทยา กรุงเทพมหานคร,2564/1,อิสลาม,M4,0
โรงเรียนมัธยมสังคีตวิทยา กรุงเทพมหานคร,2564/1,อิสลาม,M5,0
โรงเรียนมัธยมสังคีตวิทยา กรุงเทพมหานคร,2564/1,อิสลาม,M6,1
